<?xml version="1.0" encoding="iso-8859-1"?>
<!DOCTYPE family [
<!ELEMENT member (lastname,firstname,relationship,age)>
<!ELEMENT lastname (#PCDATA)>
<!ELEMENT firstname (#PCDATA)>
<!ELEMENT relationship (#PCDATA)>
<!ELEMENT age (#PCDATA)>
]>
<family>
    <member>
        <lastname>Mitchell</lastname>
        <firstname>Ray</firstname>
        <relationship>Father</relationship>
        <age>85</age>
    </member>
    <member>
        <lastname>Fitzgerald</lastname>
        <firstname>Susan</firstname>
        <relationship>Sister</relationship>
		<age>55</age>
    </member>
    <member>
        <lastname>Mitchell</lastname>
        <firstname>Robert</firstname>
        <relationship>Son</relationship>
		<age>21</age>
    </member>
	    <member>
        <lastname>Mitchell</lastname>
        <firstname>Jennifer</firstname>
        <relationship>Daughter</relationship>
		<age>21</age>

    </member>

</family>
